INSERT INTO image (id, path) VALUES
('550e8400-e29b-41d4-a716-446655440000', '/app/images/categories/electronics.jpg'),
('550e8400-e29b-41d4-a716-446655440001', '/app/images/categories/laptops.jpg'),
('550e8400-e29b-41d4-a716-446655440002', '/app/images/categories/phones.jpg'),
('550e8400-e29b-41d4-a716-446655440003', '/app/images/categories/accessories.jpg');

-- Вставка данных в таблицу brand
INSERT INTO brand (id, name) VALUES
('650e8400-e29b-41d4-a716-446655440000', 'Sony'),
('650e8400-e29b-41d4-a716-446655440001', 'Samsung'),
('650e8400-e29b-41d4-a716-446655440002', 'Apple'),
('650e8400-e29b-41d4-a716-446655440003', 'Dell');

-- Вставка данных в таблицу categories
INSERT INTO categories (id, name, image_id) VALUES
('750e8400-e29b-41d4-a716-446655440000', 'Ноутбуки', '550e8400-e29b-41d4-a716-446655440001'),
('750e8400-e29b-41d4-a716-446655440001', 'Телефоны', '550e8400-e29b-41d4-a716-446655440002'),
('750e8400-e29b-41d4-a716-446655440002', 'Аксессуары', '550e8400-e29b-41d4-a716-446655440003');

-- Вставка данных в таблицу product
INSERT INTO product (
    id, description, discount, is_promo_item, name_model, price, promo_price, quantity, quantity_sold, brand_id, categories_id
) VALUES
('850e8400-e29b-41d4-a716-446655440000', 'Высокопроизводительный ноутбук с 16 ГБ оперативной памяти и 512 ГБ SSD.', 10, FALSE, 'Sony Vaio', 100000, 90000, 50, 20, '650e8400-e29b-41d4-a716-446655440000', '750e8400-e29b-41d4-a716-446655440000'),
('850e8400-e29b-41d4-a716-446655440001', 'Новый смартфон с передовыми функциями и отличной камерой.', 15, FALSE, 'Samsung Galaxy S21', 80000, 68000, 100, 50, '650e8400-e29b-41d4-a716-446655440001', '750e8400-e29b-41d4-a716-446655440001'),
('850e8400-e29b-41d4-a716-446655440002', 'Популярный смартфон с элегантным дизайном и мощной производительностью.', 5, FALSE, 'iPhone 12', 120000, 114000, 75, 30, '650e8400-e29b-41d4-a716-446655440002', '750e8400-e29b-41d4-a716-446655440001'),
('850e8400-e29b-41d4-a716-446655440003', 'Беспроводные наушники с шумоподавлением.', 20, FALSE, 'Sony WH-1000XM4', 35000, 28000, 40, 15, '650e8400-e29b-41d4-a716-446655440000', '750e8400-e29b-41d4-a716-446655440002'),
('850e8400-e29b-41d4-a716-446655440004', 'Умные часы с фитнес-трекером и уведомлениями.', 10, FALSE, 'Apple Watch Series 6', 40000, 36000, 60, 25, '650e8400-e29b-41d4-a716-446655440002', '750e8400-e29b-41d4-a716-446655440002'),
('850e8400-e29b-41d4-a716-446655440005', 'Ультралегкий и мощный ноутбук для повседневного использования.', 8, FALSE, 'Dell XPS 13', 120000, 110000, 35, 10, '650e8400-e29b-41d4-a716-446655440003', '750e8400-e29b-41d4-a716-446655440000'),
('850e8400-e29b-41d4-a716-446655440006', 'Высококачественные беспроводные наушники с отличным звуком.', 12, FALSE, 'Samsung Galaxy Buds Pro', 20000, 17500, 80, 40, '650e8400-e29b-41d4-a716-446655440001', '750e8400-e29b-41d4-a716-446655440002'),
('850e8400-e29b-41d4-a716-446655440007', 'Компактный и мощный смартфон с отличным временем автономной работы.', 7, FALSE, 'iPhone SE', 50000, 46500, 70, 20, '650e8400-e29b-41d4-a716-446655440002', '750e8400-e29b-41d4-a716-446655440001'),
('850e8400-e29b-41d4-a716-446655440008', 'Универсальный ноутбук для работы и развлечений.', 9, FALSE, 'Sony Vaio Z', 150000, 135000, 25, 5, '650e8400-e29b-41d4-a716-446655440000', '750e8400-e29b-41d4-a716-446655440000'),
('850e8400-e29b-41d4-a716-446655440009', 'Смартфон с широкими возможностями и потрясающим дисплеем.', 6, FALSE, 'Samsung Galaxy Note 20', 95000, 89500, 45, 15, '650e8400-e29b-41d4-a716-446655440001', '750e8400-e29b-41d4-a716-446655440001');